,hyper_param,train_accuracy,valid_accuracy,test_accuracy,train_fscore,valid_fscore,test_fscore,train_precision,valid_precision,test_precision,train_recall,valid_recall,test_recall
,"{'LR': 0.0012, 'Momentum': 0.72, 'Net': <class '__main__.CNN_Net3'>, 'batch_size': 30, 'epochs': 2, 'loss_func': <class 'torch.nn.modules.loss.CrossEntropyLoss'>, 'opt_func': <class 'torch.optim.sgd.SGD'>, 'weight_decay': 0}",0.41768421052631577,0.4166666666666667,0.40514469453376206,0.4841800262899973,0.4883326709866642,0.4703907806212003,0.599075301856656,0.6058045762726108,0.5965548320033657,0.41768421052631577,0.4166666666666667,0.40514469453376206
,"{'LR': 0.0012, 'Momentum': 0.72, 'Net': <class '__main__.CNN_Net3'>, 'batch_size': 30, 'epochs': 2, 'loss_func': <class 'torch.nn.modules.loss.CrossEntropyLoss'>, 'opt_func': <class 'torch.optim.sgd.SGD'>, 'weight_decay': 1e-06}",0.43157894736842106,0.43333333333333335,0.42443729903536975,0.4949477914663761,0.4985530869605697,0.485703219612738,0.5891502254211662,0.5875739097115057,0.582469062032878,0.43157894736842106,0.43333333333333335,0.42443729903536975
,"{'LR': 0.0012, 'Momentum': 0.72, 'Net': <class '__main__.CNN_Net3'>, 'batch_size': 30, 'epochs': 2, 'loss_func': <class 'torch.nn.modules.loss.CrossEntropyLoss'>, 'opt_func': <class 'torch.optim.sgd.SGD'>, 'weight_decay': 1e-07}",0.43157894736842106,0.43333333333333335,0.4212218649517685,0.49512858514966174,0.49850094099067344,0.4823673723007064,0.5895569443695617,0.5876651851183491,0.5798858587273031,0.43157894736842106,0.43333333333333335,0.4212218649517685
,"{'LR': 0.0012, 'Momentum': 0.72, 'Net': <class '__main__.CNN_Net3'>, 'batch_size': 30, 'epochs': 2, 'loss_func': <class 'torch.nn.modules.loss.CrossEntropyLoss'>, 'opt_func': <class 'torch.optim.sgd.SGD'>, 'weight_decay': 2e-07}",0.4341052631578947,0.4357142857142857,0.4212218649517685,0.49685197821756966,0.500702676952677,0.4816930336789505,0.587737321120885,0.5892198083113254,0.5762776668699419,0.4341052631578947,0.4357142857142857,0.4212218649517685
,"{'LR': 0.0012, 'Momentum': 0.72, 'Net': <class '__main__.CNN_Net3'>, 'batch_size': 50, 'epochs': 2, 'loss_func': <class 'torch.nn.modules.loss.CrossEntropyLoss'>, 'opt_func': <class 'torch.optim.sgd.SGD'>, 'weight_decay': 0}",0.41810526315789476,0.42857142857142855,0.40836012861736337,0.5015114330287103,0.5200092035276703,0.49186941353741137,0.6943718064130793,0.7062999639232885,0.7125675295842826,0.41810526315789476,0.42857142857142855,0.40836012861736337
,"{'LR': 0.0012, 'Momentum': 0.72, 'Net': <class '__main__.CNN_Net3'>, 'batch_size': 50, 'epochs': 2, 'loss_func': <class 'torch.nn.modules.loss.CrossEntropyLoss'>, 'opt_func': <class 'torch.optim.sgd.SGD'>, 'weight_decay': 1e-06}",0.41768421052631577,0.42142857142857143,0.40836012861736337,0.5019210034304717,0.5149205660497559,0.49324768436647304,0.693607685490776,0.7003072638917822,0.7130598364625559,0.41768421052631577,0.42142857142857143,0.40836012861736337
,"{'LR': 0.0012, 'Momentum': 0.72, 'Net': <class '__main__.CNN_Net3'>, 'batch_size': 50, 'epochs': 2, 'loss_func': <class 'torch.nn.modules.loss.CrossEntropyLoss'>, 'opt_func': <class 'torch.optim.sgd.SGD'>, 'weight_decay': 1e-07}",0.4189473684210526,0.42857142857142855,0.3987138263665595,0.5059606024207619,0.5237360287427695,0.4860826821273497,0.7034305696582576,0.7129166274127867,0.708938917908605,0.4189473684210526,0.42857142857142855,0.3987138263665595
,"{'LR': 0.0012, 'Momentum': 0.72, 'Net': <class '__main__.CNN_Net3'>, 'batch_size': 50, 'epochs': 2, 'loss_func': <class 'torch.nn.modules.loss.CrossEntropyLoss'>, 'opt_func': <class 'torch.optim.sgd.SGD'>, 'weight_decay': 2e-07}",0.41768421052631577,0.42142857142857143,0.40514469453376206,0.502384754234174,0.5151361538593286,0.49177992022533257,0.6949268032795154,0.7009784720664968,0.7132629787916978,0.41768421052631577,0.42142857142857143,0.40514469453376206
,"{'LR': 0.0012, 'Momentum': 0.78, 'Net': <class '__main__.CNN_Net3'>, 'batch_size': 30, 'epochs': 2, 'loss_func': <class 'torch.nn.modules.loss.CrossEntropyLoss'>, 'opt_func': <class 'torch.optim.sgd.SGD'>, 'weight_decay': 0}",0.4513684210526316,0.46904761904761905,0.4565916398713826,0.49307065366732095,0.5087758790882334,0.4940486755496676,0.5554723873267824,0.5718377300956887,0.5519747820571264,0.4513684210526316,0.46904761904761905,0.4565916398713826
,"{'LR': 0.0012, 'Momentum': 0.78, 'Net': <class '__main__.CNN_Net3'>, 'batch_size': 30, 'epochs': 2, 'loss_func': <class 'torch.nn.modules.loss.CrossEntropyLoss'>, 'opt_func': <class 'torch.optim.sgd.SGD'>, 'weight_decay': 1e-06}",0.43536842105263157,0.43333333333333335,0.42443729903536975,0.49550999323936185,0.49428389932697353,0.4826706660259789,0.5769580015478467,0.5783184419224656,0.5650613163316133,0.43536842105263157,0.43333333333333335,0.42443729903536975
,"{'LR': 0.0012, 'Momentum': 0.78, 'Net': <class '__main__.CNN_Net3'>, 'batch_size': 30, 'epochs': 2, 'loss_func': <class 'torch.nn.modules.loss.CrossEntropyLoss'>, 'opt_func': <class 'torch.optim.sgd.SGD'>, 'weight_decay': 1e-07}",0.4362105263157895,0.4380952380952381,0.4340836012861736,0.4925292933489308,0.49701073682191055,0.47887796246637515,0.5732168182436149,0.5863894679767435,0.5547106619825573,0.4362105263157895,0.4380952380952381,0.4340836012861736
,"{'LR': 0.0012, 'Momentum': 0.78, 'Net': <class '__main__.CNN_Net3'>, 'batch_size': 30, 'epochs': 2, 'loss_func': <class 'torch.nn.modules.loss.CrossEntropyLoss'>, 'opt_func': <class 'torch.optim.sgd.SGD'>, 'weight_decay': 2e-07}",0.44126315789473686,0.45476190476190476,0.4405144694533762,0.492484153040461,0.49806247326860237,0.48651761865760973,0.5686658131925674,0.5707334462659343,0.5602277100235996,0.44126315789473686,0.45476190476190476,0.4405144694533762
,"{'LR': 0.0012, 'Momentum': 0.78, 'Net': <class '__main__.CNN_Net3'>, 'batch_size': 50, 'epochs': 2, 'loss_func': <class 'torch.nn.modules.loss.CrossEntropyLoss'>, 'opt_func': <class 'torch.optim.sgd.SGD'>, 'weight_decay': 0}",0.42526315789473684,0.4380952380952381,0.4180064308681672,0.5053476660997795,0.5241103663526916,0.5016330578266684,0.6735107185269701,0.6784731427533505,0.7019352389745283,0.42526315789473684,0.4380952380952381,0.4180064308681672
,"{'LR': 0.0012, 'Momentum': 0.78, 'Net': <class '__main__.CNN_Net3'>, 'batch_size': 50, 'epochs': 2, 'loss_func': <class 'torch.nn.modules.loss.CrossEntropyLoss'>, 'opt_func': <class 'torch.optim.sgd.SGD'>, 'weight_decay': 1e-06}",0.4265263157894737,0.4357142857142857,0.42765273311897106,0.5051095716589294,0.5184958362862703,0.5064546157953198,0.6664567447215844,0.662642602158499,0.6908851821240939,0.4265263157894737,0.4357142857142857,0.42765273311897106
,"{'LR': 0.0012, 'Momentum': 0.78, 'Net': <class '__main__.CNN_Net3'>, 'batch_size': 50, 'epochs': 2, 'loss_func': <class 'torch.nn.modules.loss.CrossEntropyLoss'>, 'opt_func': <class 'torch.optim.sgd.SGD'>, 'weight_decay': 1e-07}",0.42694736842105263,0.43333333333333335,0.42443729903536975,0.5069343345873408,0.5169837426496022,0.5045542319591305,0.6754277274484531,0.6644459364604632,0.6996500521263177,0.42694736842105263,0.43333333333333335,0.42443729903536975
,"{'LR': 0.0012, 'Momentum': 0.78, 'Net': <class '__main__.CNN_Net3'>, 'batch_size': 50, 'epochs': 2, 'loss_func': <class 'torch.nn.modules.loss.CrossEntropyLoss'>, 'opt_func': <class 'torch.optim.sgd.SGD'>, 'weight_decay': 2e-07}",0.4261052631578947,0.43333333333333335,0.4212218649517685,0.5054129589528006,0.5160592168159273,0.5013169241742803,0.6708540204933527,0.661174462818946,0.6963905710004753,0.4261052631578947,0.43333333333333335,0.4212218649517685
,"{'LR': 0.0012, 'Momentum': 0.8, 'Net': <class '__main__.CNN_Net3'>, 'batch_size': 30, 'epochs': 2, 'loss_func': <class 'torch.nn.modules.loss.CrossEntropyLoss'>, 'opt_func': <class 'torch.optim.sgd.SGD'>, 'weight_decay': 0}",0.44505263157894737,0.45714285714285713,0.4405144694533762,0.4973726133200402,0.5065004595834335,0.48504767648810954,0.5728741543761047,0.5860288602147903,0.5533289125888681,0.44505263157894737,0.45714285714285713,0.4405144694533762
,"{'LR': 0.0012, 'Momentum': 0.8, 'Net': <class '__main__.CNN_Net3'>, 'batch_size': 30, 'epochs': 2, 'loss_func': <class 'torch.nn.modules.loss.CrossEntropyLoss'>, 'opt_func': <class 'torch.optim.sgd.SGD'>, 'weight_decay': 1e-06}",0.46063157894736845,0.4738095238095238,0.4565916398713826,0.49755269734966734,0.5117629232052698,0.49349453388298364,0.5482472677430418,0.571542357255381,0.5461971064442033,0.46063157894736845,0.4738095238095238,0.4565916398713826
,"{'LR': 0.0012, 'Momentum': 0.8, 'Net': <class '__main__.CNN_Net3'>, 'batch_size': 30, 'epochs': 2, 'loss_func': <class 'torch.nn.modules.loss.CrossEntropyLoss'>, 'opt_func': <class 'torch.optim.sgd.SGD'>, 'weight_decay': 1e-07}",0.43705263157894736,0.4380952380952381,0.4340836012861736,0.49604867570857325,0.4983875569922081,0.4919791872720309,0.5742114174209371,0.5840084484669904,0.5687726365722107,0.43705263157894736,0.4380952380952381,0.4340836012861736
,"{'LR': 0.0012, 'Momentum': 0.8, 'Net': <class '__main__.CNN_Net3'>, 'batch_size': 30, 'epochs': 2, 'loss_func': <class 'torch.nn.modules.loss.CrossEntropyLoss'>, 'opt_func': <class 'torch.optim.sgd.SGD'>, 'weight_decay': 2e-07}",0.44926315789473686,0.4738095238095238,0.45016077170418006,0.49367302820886433,0.5132462078588065,0.4892782962796447,0.5611067293058838,0.578236133543188,0.5500310730512088,0.44926315789473686,0.4738095238095238,0.45016077170418006
,"{'LR': 0.0012, 'Momentum': 0.8, 'Net': <class '__main__.CNN_Net3'>, 'batch_size': 50, 'epochs': 2, 'loss_func': <class 'torch.nn.modules.loss.CrossEntropyLoss'>, 'opt_func': <class 'torch.optim.sgd.SGD'>, 'weight_decay': 0}",0.42778947368421055,0.4380952380952381,0.42443729903536975,0.5043417202013077,0.5171733570386702,0.500445531542594,0.6570785566649471,0.6488301827763854,0.6702872100238876,0.42778947368421055,0.4380952380952381,0.42443729903536975
,"{'LR': 0.0012, 'Momentum': 0.8, 'Net': <class '__main__.CNN_Net3'>, 'batch_size': 50, 'epochs': 2, 'loss_func': <class 'torch.nn.modules.loss.CrossEntropyLoss'>, 'opt_func': <class 'torch.optim.sgd.SGD'>, 'weight_decay': 1e-06}",0.42778947368421055,0.430952380952381,0.4340836012861736,0.5039010931116502,0.5090604155522092,0.5087594751588816,0.6546243820129143,0.6383012306625804,0.6777228262205263,0.42778947368421055,0.430952380952381,0.4340836012861736
,"{'LR': 0.0012, 'Momentum': 0.8, 'Net': <class '__main__.CNN_Net3'>, 'batch_size': 50, 'epochs': 2, 'loss_func': <class 'torch.nn.modules.loss.CrossEntropyLoss'>, 'opt_func': <class 'torch.optim.sgd.SGD'>, 'weight_decay': 1e-07}",0.4286315789473684,0.43333333333333335,0.43086816720257237,0.5052117928181996,0.5123393061897503,0.5066958378544313,0.6584048116710776,0.6429262223142201,0.6792664449545879,0.4286315789473684,0.43333333333333335,0.43086816720257237
,"{'LR': 0.0012, 'Momentum': 0.8, 'Net': <class '__main__.CNN_Net3'>, 'batch_size': 50, 'epochs': 2, 'loss_func': <class 'torch.nn.modules.loss.CrossEntropyLoss'>, 'opt_func': <class 'torch.optim.sgd.SGD'>, 'weight_decay': 2e-07}",0.4248421052631579,0.42857142857142855,0.43086816720257237,0.5007797060943218,0.5064656631883523,0.5043826611672271,0.6518871029715884,0.6361066697096717,0.6719454320829903,0.4248421052631579,0.42857142857142855,0.43086816720257237
,"{'LR': 0.0015, 'Momentum': 0.72, 'Net': <class '__main__.CNN_Net3'>, 'batch_size': 30, 'epochs': 2, 'loss_func': <class 'torch.nn.modules.loss.CrossEntropyLoss'>, 'opt_func': <class 'torch.optim.sgd.SGD'>, 'weight_decay': 0}",0.4328421052631579,0.4357142857142857,0.42443729903536975,0.49414486622686943,0.498988492747379,0.48436008081463977,0.5803660044787677,0.5844973859496025,0.5754731924341964,0.4328421052631579,0.4357142857142857,0.42443729903536975
,"{'LR': 0.0015, 'Momentum': 0.72, 'Net': <class '__main__.CNN_Net3'>, 'batch_size': 30, 'epochs': 2, 'loss_func': <class 'torch.nn.modules.loss.CrossEntropyLoss'>, 'opt_func': <class 'torch.optim.sgd.SGD'>, 'weight_decay': 1e-06}",0.45094736842105265,0.4666666666666667,0.43729903536977494,0.4971868397270672,0.508838147807822,0.4804551295330566,0.5735857984037964,0.5724798838902619,0.5585001835402675,0.45094736842105265,0.4666666666666667,0.43729903536977494
,"{'LR': 0.0015, 'Momentum': 0.72, 'Net': <class '__main__.CNN_Net3'>, 'batch_size': 30, 'epochs': 2, 'loss_func': <class 'torch.nn.modules.loss.CrossEntropyLoss'>, 'opt_func': <class 'torch.optim.sgd.SGD'>, 'weight_decay': 1e-07}",0.4551578947368421,0.4666666666666667,0.4437299035369775,0.49570250120317294,0.5080615860411257,0.4829282587871163,0.5580937325896862,0.5681910674697367,0.5473092302647702,0.4551578947368421,0.4666666666666667,0.4437299035369775
,"{'LR': 0.0015, 'Momentum': 0.72, 'Net': <class '__main__.CNN_Net3'>, 'batch_size': 30, 'epochs': 2, 'loss_func': <class 'torch.nn.modules.loss.CrossEntropyLoss'>, 'opt_func': <class 'torch.optim.sgd.SGD'>, 'weight_decay': 2e-07}",0.4458947368421053,0.4642857142857143,0.4405144694533762,0.4912953740010531,0.5051609256097812,0.4825269584541382,0.5642285891320782,0.5696269238161482,0.5597576664774786,0.4458947368421053,0.4642857142857143,0.4405144694533762
,"{'LR': 0.0015, 'Momentum': 0.72, 'Net': <class '__main__.CNN_Net3'>, 'batch_size': 50, 'epochs': 2, 'loss_func': <class 'torch.nn.modules.loss.CrossEntropyLoss'>, 'opt_func': <class 'torch.optim.sgd.SGD'>, 'weight_decay': 0}",0.42694736842105263,0.4357142857142857,0.42765273311897106,0.5004351513845782,0.5106461471018434,0.4982489633376607,0.6422676646732676,0.6285768540842244,0.6517038405972803,0.42694736842105263,0.4357142857142857,0.42765273311897106
,"{'LR': 0.0015, 'Momentum': 0.72, 'Net': <class '__main__.CNN_Net3'>, 'batch_size': 50, 'epochs': 2, 'loss_func': <class 'torch.nn.modules.loss.CrossEntropyLoss'>, 'opt_func': <class 'torch.optim.sgd.SGD'>, 'weight_decay': 1e-06}",0.42736842105263156,0.44047619047619047,0.4340836012861736,0.501289732741805,0.5159273658830622,0.5057039091689502,0.6437030013233143,0.6348236538794113,0.6618589715175675,0.42736842105263156,0.44047619047619047,0.4340836012861736
,"{'LR': 0.0015, 'Momentum': 0.72, 'Net': <class '__main__.CNN_Net3'>, 'batch_size': 50, 'epochs': 2, 'loss_func': <class 'torch.nn.modules.loss.CrossEntropyLoss'>, 'opt_func': <class 'torch.optim.sgd.SGD'>, 'weight_decay': 1e-07}",0.4248421052631579,0.4380952380952381,0.43086816720257237,0.5005612933532465,0.5157589027113154,0.505160680564946,0.6520524739817227,0.6437910239903496,0.6765304416426859,0.4248421052631579,0.4380952380952381,0.43086816720257237
,"{'LR': 0.0015, 'Momentum': 0.72, 'Net': <class '__main__.CNN_Net3'>, 'batch_size': 50, 'epochs': 2, 'loss_func': <class 'torch.nn.modules.loss.CrossEntropyLoss'>, 'opt_func': <class 'torch.optim.sgd.SGD'>, 'weight_decay': 2e-07}",0.4261052631578947,0.44047619047619047,0.42765273311897106,0.4990747248510595,0.5153378673353873,0.49841599832452466,0.6375542411523033,0.6318085283458719,0.6488155021204438,0.4261052631578947,0.44047619047619047,0.42765273311897106
,"{'LR': 0.0015, 'Momentum': 0.78, 'Net': <class '__main__.CNN_Net3'>, 'batch_size': 30, 'epochs': 2, 'loss_func': <class 'torch.nn.modules.loss.CrossEntropyLoss'>, 'opt_func': <class 'torch.optim.sgd.SGD'>, 'weight_decay': 0}",0.4366315789473684,0.4452380952380952,0.44694533762057875,0.4959131545533955,0.5066227543755634,0.5074741066702482,0.5750943761223881,0.5917813285400108,0.5898384715340328,0.4366315789473684,0.4452380952380952,0.44694533762057875
,"{'LR': 0.0015, 'Momentum': 0.78, 'Net': <class '__main__.CNN_Net3'>, 'batch_size': 30, 'epochs': 2, 'loss_func': <class 'torch.nn.modules.loss.CrossEntropyLoss'>, 'opt_func': <class 'torch.optim.sgd.SGD'>, 'weight_decay': 1e-06}",0.4652631578947368,0.4666666666666667,0.45016077170418006,0.5018565273577931,0.5031965420200715,0.4870814294028923,0.5510021359951813,0.5520626953638275,0.5380098631370508,0.4652631578947368,0.4666666666666667,0.45016077170418006
,"{'LR': 0.0015, 'Momentum': 0.78, 'Net': <class '__main__.CNN_Net3'>, 'batch_size': 30, 'epochs': 2, 'loss_func': <class 'torch.nn.modules.loss.CrossEntropyLoss'>, 'opt_func': <class 'torch.optim.sgd.SGD'>, 'weight_decay': 1e-07}",0.4572631578947368,0.4642857142857143,0.4662379421221865,0.4958036023734631,0.5030273452629643,0.504836325517903,0.5514377113774056,0.5574386544003025,0.5608793144054901,0.4572631578947368,0.4642857142857143,0.4662379421221865
,"{'LR': 0.0015, 'Momentum': 0.78, 'Net': <class '__main__.CNN_Net3'>, 'batch_size': 30, 'epochs': 2, 'loss_func': <class 'torch.nn.modules.loss.CrossEntropyLoss'>, 'opt_func': <class 'torch.optim.sgd.SGD'>, 'weight_decay': 2e-07}",0.4703157894736842,0.47619047619047616,0.45016077170418006,0.5071192750230944,0.5133075758512295,0.48689201252486497,0.556663953212182,0.5671295867200009,0.5384284984383436,0.4703157894736842,0.47619047619047616,0.45016077170418006
,"{'LR': 0.0015, 'Momentum': 0.78, 'Net': <class '__main__.CNN_Net3'>, 'batch_size': 50, 'epochs': 2, 'loss_func': <class 'torch.nn.modules.loss.CrossEntropyLoss'>, 'opt_func': <class 'torch.optim.sgd.SGD'>, 'weight_decay': 0}",0.42736842105263156,0.430952380952381,0.42765273311897106,0.4941250345035659,0.501041343561502,0.4923446117060722,0.6054701780293708,0.6040046181729025,0.6067811567032197,0.42736842105263156,0.430952380952381,0.42765273311897106
,"{'LR': 0.0015, 'Momentum': 0.78, 'Net': <class '__main__.CNN_Net3'>, 'batch_size': 50, 'epochs': 2, 'loss_func': <class 'torch.nn.modules.loss.CrossEntropyLoss'>, 'opt_func': <class 'torch.optim.sgd.SGD'>, 'weight_decay': 1e-06}",0.42778947368421055,0.4357142857142857,0.43086816720257237,0.4938868724585968,0.5058682483943772,0.4955162114792858,0.6030835598264515,0.6079141645543288,0.6082559457082254,0.42778947368421055,0.4357142857142857,0.43086816720257237
,"{'LR': 0.0015, 'Momentum': 0.78, 'Net': <class '__main__.CNN_Net3'>, 'batch_size': 50, 'epochs': 2, 'loss_func': <class 'torch.nn.modules.loss.CrossEntropyLoss'>, 'opt_func': <class 'torch.optim.sgd.SGD'>, 'weight_decay': 1e-07}",0.4286315789473684,0.43333333333333335,0.4340836012861736,0.4958173940983114,0.5037205757396451,0.4984683469902846,0.6090447069620064,0.6071180000380375,0.6106055595734453,0.4286315789473684,0.43333333333333335,0.4340836012861736
,"{'LR': 0.0015, 'Momentum': 0.78, 'Net': <class '__main__.CNN_Net3'>, 'batch_size': 50, 'epochs': 2, 'loss_func': <class 'torch.nn.modules.loss.CrossEntropyLoss'>, 'opt_func': <class 'torch.optim.sgd.SGD'>, 'weight_decay': 2e-07}",0.42905263157894735,0.4357142857142857,0.43729903536977494,0.4966533947195538,0.5058682483943772,0.5029448722036229,0.6107314238616635,0.6079141645543288,0.6182719761620834,0.42905263157894735,0.4357142857142857,0.43729903536977494
,"{'LR': 0.0015, 'Momentum': 0.8, 'Net': <class '__main__.CNN_Net3'>, 'batch_size': 30, 'epochs': 2, 'loss_func': <class 'torch.nn.modules.loss.CrossEntropyLoss'>, 'opt_func': <class 'torch.optim.sgd.SGD'>, 'weight_decay': 0}",0.4707368421052632,0.4738095238095238,0.4565916398713826,0.5073419816418755,0.5096796268860964,0.493602130951061,0.5569968091361687,0.5617284746159795,0.5455953360585726,0.4707368421052632,0.4738095238095238,0.4565916398713826
,"{'LR': 0.0015, 'Momentum': 0.8, 'Net': <class '__main__.CNN_Net3'>, 'batch_size': 30, 'epochs': 2, 'loss_func': <class 'torch.nn.modules.loss.CrossEntropyLoss'>, 'opt_func': <class 'torch.optim.sgd.SGD'>, 'weight_decay': 1e-06}",0.46989473684210525,0.47619047619047616,0.4565916398713826,0.5052486468337698,0.5108950592587129,0.49243710675237135,0.5509709612325526,0.5614011713655777,0.5408996693987823,0.46989473684210525,0.47619047619047616,0.4565916398713826
,"{'LR': 0.0015, 'Momentum': 0.8, 'Net': <class '__main__.CNN_Net3'>, 'batch_size': 30, 'epochs': 2, 'loss_func': <class 'torch.nn.modules.loss.CrossEntropyLoss'>, 'opt_func': <class 'torch.optim.sgd.SGD'>, 'weight_decay': 1e-07}",0.44042105263157894,0.44047619047619047,0.4533762057877814,0.4986898605828028,0.4998528783317217,0.5134131820361889,0.5749389246582056,0.5846869324312828,0.5921673401919618,0.44042105263157894,0.44047619047619047,0.4533762057877814
,"{'LR': 0.0015, 'Momentum': 0.8, 'Net': <class '__main__.CNN_Net3'>, 'batch_size': 30, 'epochs': 2, 'loss_func': <class 'torch.nn.modules.loss.CrossEntropyLoss'>, 'opt_func': <class 'torch.optim.sgd.SGD'>, 'weight_decay': 2e-07}",0.44842105263157894,0.4595238095238095,0.4565916398713826,0.49800849954926757,0.5062541816306837,0.5027482216843763,0.5693436415829263,0.5851646041954314,0.5717048830672958,0.44842105263157894,0.4595238095238095,0.4565916398713826
,"{'LR': 0.0015, 'Momentum': 0.8, 'Net': <class '__main__.CNN_Net3'>, 'batch_size': 50, 'epochs': 2, 'loss_func': <class 'torch.nn.modules.loss.CrossEntropyLoss'>, 'opt_func': <class 'torch.optim.sgd.SGD'>, 'weight_decay': 0}",0.42736842105263156,0.4261904761904762,0.42765273311897106,0.49168607551186927,0.492097857455741,0.4899778688829562,0.5919257134901321,0.5838380018544049,0.5933143296875226,0.42736842105263156,0.4261904761904762,0.42765273311897106
,"{'LR': 0.0015, 'Momentum': 0.8, 'Net': <class '__main__.CNN_Net3'>, 'batch_size': 50, 'epochs': 2, 'loss_func': <class 'torch.nn.modules.loss.CrossEntropyLoss'>, 'opt_func': <class 'torch.optim.sgd.SGD'>, 'weight_decay': 1e-06}",0.42694736842105263,0.4261904761904762,0.4212218649517685,0.4918304443055492,0.4930975855957172,0.483040324410785,0.5942462054683417,0.5875724206441352,0.5851426172239845,0.42694736842105263,0.4261904761904762,0.4212218649517685
,"{'LR': 0.0015, 'Momentum': 0.8, 'Net': <class '__main__.CNN_Net3'>, 'batch_size': 50, 'epochs': 2, 'loss_func': <class 'torch.nn.modules.loss.CrossEntropyLoss'>, 'opt_func': <class 'torch.optim.sgd.SGD'>, 'weight_decay': 1e-07}",0.4282105263157895,0.42857142857142855,0.42765273311897106,0.4930355954901235,0.4949279882735935,0.4892731107840164,0.5946234101039088,0.5874490492009975,0.5898374488829692,0.4282105263157895,0.42857142857142855,0.42765273311897106
,"{'LR': 0.0015, 'Momentum': 0.8, 'Net': <class '__main__.CNN_Net3'>, 'batch_size': 50, 'epochs': 2, 'loss_func': <class 'torch.nn.modules.loss.CrossEntropyLoss'>, 'opt_func': <class 'torch.optim.sgd.SGD'>, 'weight_decay': 2e-07}",0.4286315789473684,0.43333333333333335,0.42765273311897106,0.49435159154931535,0.50195060293621,0.4900495240110469,0.6007810919712875,0.5999832369346502,0.5961940486768227,0.4286315789473684,0.43333333333333335,0.42765273311897106
,"{'LR': 0.0018, 'Momentum': 0.72, 'Net': <class '__main__.CNN_Net3'>, 'batch_size': 30, 'epochs': 2, 'loss_func': <class 'torch.nn.modules.loss.CrossEntropyLoss'>, 'opt_func': <class 'torch.optim.sgd.SGD'>, 'weight_decay': 0}",0.4416842105263158,0.4714285714285714,0.4437299035369775,0.4875858723370574,0.5127427501466798,0.48711762390730395,0.5611945034139104,0.5778608738225636,0.5635990163509714,0.4416842105263158,0.4714285714285714,0.4437299035369775
,"{'LR': 0.0018, 'Momentum': 0.72, 'Net': <class '__main__.CNN_Net3'>, 'batch_size': 30, 'epochs': 2, 'loss_func': <class 'torch.nn.modules.loss.CrossEntropyLoss'>, 'opt_func': <class 'torch.optim.sgd.SGD'>, 'weight_decay': 1e-06}",0.4694736842105263,0.47619047619047616,0.44694533762057875,0.5092243484927277,0.5172359074089079,0.4880564379771673,0.5681743715985607,0.5726523896944956,0.5575133558962589,0.4694736842105263,0.47619047619047616,0.44694533762057875
,"{'LR': 0.0018, 'Momentum': 0.72, 'Net': <class '__main__.CNN_Net3'>, 'batch_size': 30, 'epochs': 2, 'loss_func': <class 'torch.nn.modules.loss.CrossEntropyLoss'>, 'opt_func': <class 'torch.optim.sgd.SGD'>, 'weight_decay': 1e-07}",0.44,0.46190476190476193,0.44694533762057875,0.4901807326932294,0.5067697254002904,0.49387272245908875,0.566654262062691,0.5780798553423278,0.5725812020605577,0.44,0.46190476190476193,0.44694533762057875
,"{'LR': 0.0018, 'Momentum': 0.72, 'Net': <class '__main__.CNN_Net3'>, 'batch_size': 30, 'epochs': 2, 'loss_func': <class 'torch.nn.modules.loss.CrossEntropyLoss'>, 'opt_func': <class 'torch.optim.sgd.SGD'>, 'weight_decay': 2e-07}",0.46357894736842103,0.4714285714285714,0.45016077170418006,0.5048019662356642,0.5124410484815362,0.4901818892703592,0.5689780111845884,0.5686879286603287,0.5564017151251576,0.46357894736842103,0.4714285714285714,0.45016077170418006
,"{'LR': 0.0018, 'Momentum': 0.72, 'Net': <class '__main__.CNN_Net3'>, 'batch_size': 50, 'epochs': 2, 'loss_func': <class 'torch.nn.modules.loss.CrossEntropyLoss'>, 'opt_func': <class 'torch.optim.sgd.SGD'>, 'weight_decay': 0}",0.42947368421052634,0.4357142857142857,0.4212218649517685,0.4939770939308033,0.5030252569556052,0.48248434591301403,0.5930117808391909,0.5975246392734295,0.5821403926059698,0.42947368421052634,0.4357142857142857,0.4212218649517685
,"{'LR': 0.0018, 'Momentum': 0.72, 'Net': <class '__main__.CNN_Net3'>, 'batch_size': 50, 'epochs': 2, 'loss_func': <class 'torch.nn.modules.loss.CrossEntropyLoss'>, 'opt_func': <class 'torch.optim.sgd.SGD'>, 'weight_decay': 1e-06}",0.42736842105263156,0.42142857142857143,0.42443729903536975,0.49237443172821094,0.48771273739995824,0.48661207115871075,0.5944336940845434,0.5821827191815024,0.5896953468692623,0.42736842105263156,0.42142857142857143,0.42443729903536975
,"{'LR': 0.0018, 'Momentum': 0.72, 'Net': <class '__main__.CNN_Net3'>, 'batch_size': 50, 'epochs': 2, 'loss_func': <class 'torch.nn.modules.loss.CrossEntropyLoss'>, 'opt_func': <class 'torch.optim.sgd.SGD'>, 'weight_decay': 1e-07}",0.42778947368421055,0.42857142857142855,0.42443729903536975,0.4919614109425529,0.49541370121404804,0.48651703023399245,0.59076852780871,0.5895930482078927,0.5876572298617908,0.42778947368421055,0.42857142857142855,0.42443729903536975
,"{'LR': 0.0018, 'Momentum': 0.72, 'Net': <class '__main__.CNN_Net3'>, 'batch_size': 50, 'epochs': 2, 'loss_func': <class 'torch.nn.modules.loss.CrossEntropyLoss'>, 'opt_func': <class 'torch.optim.sgd.SGD'>, 'weight_decay': 2e-07}",0.4261052631578947,0.4261904761904762,0.4180064308681672,0.490941372089217,0.49295622119815674,0.47956481697263886,0.5924985482507369,0.5875021617277546,0.5808910915199058,0.4261052631578947,0.4261904761904762,0.4180064308681672
,"{'LR': 0.0018, 'Momentum': 0.78, 'Net': <class '__main__.CNN_Net3'>, 'batch_size': 30, 'epochs': 2, 'loss_func': <class 'torch.nn.modules.loss.CrossEntropyLoss'>, 'opt_func': <class 'torch.optim.sgd.SGD'>, 'weight_decay': 0}",0.48126315789473684,0.48333333333333334,0.4565916398713826,0.5192346115664344,0.5231916001230178,0.4948424494314586,0.5702106027048541,0.5745632913123038,0.5527422806093258,0.48126315789473684,0.48333333333333334,0.4565916398713826
,"{'LR': 0.0018, 'Momentum': 0.78, 'Net': <class '__main__.CNN_Net3'>, 'batch_size': 30, 'epochs': 2, 'loss_func': <class 'torch.nn.modules.loss.CrossEntropyLoss'>, 'opt_func': <class 'torch.optim.sgd.SGD'>, 'weight_decay': 1e-06}",0.4471578947368421,0.44285714285714284,0.45016077170418006,0.5076841616952104,0.5044119321119731,0.511329996206035,0.5901161584696102,0.5875032969573342,0.5956425143645454,0.4471578947368421,0.44285714285714284,0.45016077170418006
,"{'LR': 0.0018, 'Momentum': 0.78, 'Net': <class '__main__.CNN_Net3'>, 'batch_size': 30, 'epochs': 2, 'loss_func': <class 'torch.nn.modules.loss.CrossEntropyLoss'>, 'opt_func': <class 'torch.optim.sgd.SGD'>, 'weight_decay': 1e-07}",0.48,0.48095238095238096,0.4630225080385852,0.5178048834969935,0.5192386263814835,0.5004031618653412,0.5685549688808795,0.5690087042622268,0.5531192856151935,0.48,0.48095238095238096,0.4630225080385852
,"{'LR': 0.0018, 'Momentum': 0.78, 'Net': <class '__main__.CNN_Net3'>, 'batch_size': 30, 'epochs': 2, 'loss_func': <class 'torch.nn.modules.loss.CrossEntropyLoss'>, 'opt_func': <class 'torch.optim.sgd.SGD'>, 'weight_decay': 2e-07}",0.4437894736842105,0.44285714285714284,0.4437299035369775,0.5034436063011796,0.5038781638781639,0.5040990230355219,0.5823931927933376,0.5889862974841101,0.5859740989446381,0.4437894736842105,0.44285714285714284,0.4437299035369775
,"{'LR': 0.0018, 'Momentum': 0.78, 'Net': <class '__main__.CNN_Net3'>, 'batch_size': 50, 'epochs': 2, 'loss_func': <class 'torch.nn.modules.loss.CrossEntropyLoss'>, 'opt_func': <class 'torch.optim.sgd.SGD'>, 'weight_decay': 0}",0.43705263157894736,0.45476190476190476,0.4405144694533762,0.488635841698623,0.49833210349095536,0.4870159717756542,0.5657770901653394,0.5714994608537818,0.5633514242598566,0.43705263157894736,0.45476190476190476,0.4405144694533762
,"{'LR': 0.0018, 'Momentum': 0.78, 'Net': <class '__main__.CNN_Net3'>, 'batch_size': 50, 'epochs': 2, 'loss_func': <class 'torch.nn.modules.loss.CrossEntropyLoss'>, 'opt_func': <class 'torch.optim.sgd.SGD'>, 'weight_decay': 1e-06}",0.4265263157894737,0.430952380952381,0.42443729903536975,0.4876926271278087,0.49359550671790814,0.48435645496002777,0.5739297722891972,0.5788586637699146,0.5762607001591132,0.4265263157894737,0.430952380952381,0.42443729903536975
,"{'LR': 0.0018, 'Momentum': 0.78, 'Net': <class '__main__.CNN_Net3'>, 'batch_size': 50, 'epochs': 2, 'loss_func': <class 'torch.nn.modules.loss.CrossEntropyLoss'>, 'opt_func': <class 'torch.optim.sgd.SGD'>, 'weight_decay': 1e-07}",0.43242105263157893,0.4357142857142857,0.4212218649517685,0.4916914366703756,0.499708725749545,0.48038270875889966,0.5780276364144289,0.5871763139803228,0.5695588493818197,0.43242105263157893,0.4357142857142857,0.4212218649517685
,"{'LR': 0.0018, 'Momentum': 0.78, 'Net': <class '__main__.CNN_Net3'>, 'batch_size': 50, 'epochs': 2, 'loss_func': <class 'torch.nn.modules.loss.CrossEntropyLoss'>, 'opt_func': <class 'torch.optim.sgd.SGD'>, 'weight_decay': 2e-07}",0.43326315789473685,0.4380952380952381,0.43086816720257237,0.49405999006387386,0.5016510958519838,0.4905477939054597,0.5778402551849654,0.587477636345864,0.5757225931224896,0.43326315789473685,0.4380952380952381,0.43086816720257237
,"{'LR': 0.0018, 'Momentum': 0.8, 'Net': <class '__main__.CNN_Net3'>, 'batch_size': 30, 'epochs': 2, 'loss_func': <class 'torch.nn.modules.loss.CrossEntropyLoss'>, 'opt_func': <class 'torch.optim.sgd.SGD'>, 'weight_decay': 0}",0.488,0.4880952380952381,0.45980707395498394,0.5272921888279574,0.5297498186893422,0.5012449300580495,0.5818600591861106,0.5827272411932761,0.567645328289841,0.488,0.4880952380952381,0.45980707395498394
,"{'LR': 0.0018, 'Momentum': 0.8, 'Net': <class '__main__.CNN_Net3'>, 'batch_size': 30, 'epochs': 2, 'loss_func': <class 'torch.nn.modules.loss.CrossEntropyLoss'>, 'opt_func': <class 'torch.optim.sgd.SGD'>, 'weight_decay': 1e-06}",0.48168421052631577,0.4857142857142857,0.45980707395498394,0.5197242172790363,0.5260590807044034,0.4989626697227679,0.5708119596557205,0.5782299053079567,0.5559743219549739,0.48168421052631577,0.4857142857142857,0.45980707395498394
,"{'LR': 0.0018, 'Momentum': 0.8, 'Net': <class '__main__.CNN_Net3'>, 'batch_size': 30, 'epochs': 2, 'loss_func': <class 'torch.nn.modules.loss.CrossEntropyLoss'>, 'opt_func': <class 'torch.optim.sgd.SGD'>, 'weight_decay': 1e-07}",0.4846315789473684,0.49047619047619045,0.47266881028938906,0.5212100185463358,0.527034489808599,0.5084976111021048,0.5682543597795817,0.5737321768446273,0.5565599685564488,0.4846315789473684,0.49047619047619045,0.47266881028938906
,"{'LR': 0.0018, 'Momentum': 0.8, 'Net': <class '__main__.CNN_Net3'>, 'batch_size': 30, 'epochs': 2, 'loss_func': <class 'torch.nn.modules.loss.CrossEntropyLoss'>, 'opt_func': <class 'torch.optim.sgd.SGD'>, 'weight_decay': 2e-07}",0.48,0.48333333333333334,0.47266881028938906,0.5151664589205878,0.5185585275796328,0.5078520927854875,0.5585995242361953,0.5647329219649052,0.5521976816449404,0.48,0.48333333333333334,0.47266881028938906
,"{'LR': 0.0018, 'Momentum': 0.8, 'Net': <class '__main__.CNN_Net3'>, 'batch_size': 50, 'epochs': 2, 'loss_func': <class 'torch.nn.modules.loss.CrossEntropyLoss'>, 'opt_func': <class 'torch.optim.sgd.SGD'>, 'weight_decay': 0}",0.42947368421052634,0.43333333333333335,0.43086816720257237,0.4895282621198938,0.49478825371367474,0.4905462526041304,0.5718173173879492,0.5781107981120985,0.5774696330905288,0.42947368421052634,0.43333333333333335,0.43086816720257237
,"{'LR': 0.0018, 'Momentum': 0.8, 'Net': <class '__main__.CNN_Net3'>, 'batch_size': 50, 'epochs': 2, 'loss_func': <class 'torch.nn.modules.loss.CrossEntropyLoss'>, 'opt_func': <class 'torch.optim.sgd.SGD'>, 'weight_decay': 1e-06}",0.43115789473684213,0.430952380952381,0.42443729903536975,0.4912664941366618,0.4914950804877582,0.4831683866968827,0.5732504993281548,0.5754336318987128,0.5681166125554763,0.43115789473684213,0.430952380952381,0.42443729903536975
,"{'LR': 0.0018, 'Momentum': 0.8, 'Net': <class '__main__.CNN_Net3'>, 'batch_size': 50, 'epochs': 2, 'loss_func': <class 'torch.nn.modules.loss.CrossEntropyLoss'>, 'opt_func': <class 'torch.optim.sgd.SGD'>, 'weight_decay': 1e-07}",0.43115789473684213,0.42857142857142855,0.4115755627009646,0.49130304990698814,0.48884181976998137,0.46934633442115525,0.573188132529127,0.572437731551819,0.5523457062092563,0.43115789473684213,0.42857142857142855,0.4115755627009646
,"{'LR': 0.0018, 'Momentum': 0.8, 'Net': <class '__main__.CNN_Net3'>, 'batch_size': 50, 'epochs': 2, 'loss_func': <class 'torch.nn.modules.loss.CrossEntropyLoss'>, 'opt_func': <class 'torch.optim.sgd.SGD'>, 'weight_decay': 2e-07}",0.4298947368421053,0.4261904761904762,0.42765273311897106,0.4901039531449931,0.4864660659260023,0.487127559713391,0.5726928651854706,0.5687951926418252,0.5737841447501753,0.4298947368421053,0.4261904761904762,0.42765273311897106
,"{'LR': 0.01, 'Momentum': 0.72, 'Net': <class '__main__.CNN_Net3'>, 'batch_size': 30, 'epochs': 2, 'loss_func': <class 'torch.nn.modules.loss.CrossEntropyLoss'>, 'opt_func': <class 'torch.optim.sgd.SGD'>, 'weight_decay': 0}",0.5183157894736842,0.5071428571428571,0.5209003215434084,0.5688513936228877,0.5588209503324344,0.5719407132321668,0.6717213615538657,0.6419686420480071,0.6797757978023605,0.5183157894736842,0.5071428571428571,0.5209003215434084
,"{'LR': 0.01, 'Momentum': 0.72, 'Net': <class '__main__.CNN_Net3'>, 'batch_size': 30, 'epochs': 2, 'loss_func': <class 'torch.nn.modules.loss.CrossEntropyLoss'>, 'opt_func': <class 'torch.optim.sgd.SGD'>, 'weight_decay': 1e-06}",0.5111578947368421,0.5095238095238095,0.5112540192926045,0.5628295205864028,0.5623400094857329,0.5618723720009894,0.6676667196006497,0.6499773764962362,0.6685540092623768,0.5111578947368421,0.5095238095238095,0.5112540192926045
,"{'LR': 0.01, 'Momentum': 0.72, 'Net': <class '__main__.CNN_Net3'>, 'batch_size': 30, 'epochs': 2, 'loss_func': <class 'torch.nn.modules.loss.CrossEntropyLoss'>, 'opt_func': <class 'torch.optim.sgd.SGD'>, 'weight_decay': 1e-07}",0.5204210526315789,0.5071428571428571,0.5112540192926045,0.5697122800014245,0.558564868198015,0.5594014831623132,0.6628315212869038,0.638536944349625,0.6568235927701378,0.5204210526315789,0.5071428571428571,0.5112540192926045
,"{'LR': 0.01, 'Momentum': 0.72, 'Net': <class '__main__.CNN_Net3'>, 'batch_size': 30, 'epochs': 2, 'loss_func': <class 'torch.nn.modules.loss.CrossEntropyLoss'>, 'opt_func': <class 'torch.optim.sgd.SGD'>, 'weight_decay': 2e-07}",0.5250526315789473,0.5119047619047619,0.5080385852090032,0.5729246822730071,0.5614212377710185,0.5560611882674985,0.6619537783498382,0.6370030967362752,0.6489521892674588,0.5250526315789473,0.5119047619047619,0.5080385852090032
,"{'LR': 0.01, 'Momentum': 0.72, 'Net': <class '__main__.CNN_Net3'>, 'batch_size': 50, 'epochs': 2, 'loss_func': <class 'torch.nn.modules.loss.CrossEntropyLoss'>, 'opt_func': <class 'torch.optim.sgd.SGD'>, 'weight_decay': 0}",0.5103157894736842,0.5023809523809524,0.4919614147909968,0.5499582308899641,0.54357931717922,0.5297168825781193,0.6080740547050983,0.601136040771499,0.5819915844518778,0.5103157894736842,0.5023809523809524,0.4919614147909968
,"{'LR': 0.01, 'Momentum': 0.72, 'Net': <class '__main__.CNN_Net3'>, 'batch_size': 50, 'epochs': 2, 'loss_func': <class 'torch.nn.modules.loss.CrossEntropyLoss'>, 'opt_func': <class 'torch.optim.sgd.SGD'>, 'weight_decay': 1e-06}",0.5111578947368421,0.4976190476190476,0.4887459807073955,0.5517481241458951,0.5391074917035924,0.5289931318241835,0.6156613932583483,0.601858831626422,0.5903389990359381,0.5111578947368421,0.4976190476190476,0.4887459807073955
,"{'LR': 0.01, 'Momentum': 0.72, 'Net': <class '__main__.CNN_Net3'>, 'batch_size': 50, 'epochs': 2, 'loss_func': <class 'torch.nn.modules.loss.CrossEntropyLoss'>, 'opt_func': <class 'torch.optim.sgd.SGD'>, 'weight_decay': 1e-07}",0.512421052631579,0.49523809523809526,0.4983922829581994,0.5515609634363435,0.5355013546454189,0.5375908115331657,0.6094169996373061,0.5957282223748054,0.5941069900828803,0.512421052631579,0.49523809523809526,0.4983922829581994
,"{'LR': 0.01, 'Momentum': 0.72, 'Net': <class '__main__.CNN_Net3'>, 'batch_size': 50, 'epochs': 2, 'loss_func': <class 'torch.nn.modules.loss.CrossEntropyLoss'>, 'opt_func': <class 'torch.optim.sgd.SGD'>, 'weight_decay': 2e-07}",0.5090526315789474,0.4880952380952381,0.4887459807073955,0.5499453619865513,0.5281080945410684,0.5293880481271684,0.6178885581410917,0.5991901962602401,0.5998671943000341,0.5090526315789474,0.4880952380952381,0.4887459807073955
,"{'LR': 0.01, 'Momentum': 0.78, 'Net': <class '__main__.CNN_Net3'>, 'batch_size': 30, 'epochs': 2, 'loss_func': <class 'torch.nn.modules.loss.CrossEntropyLoss'>, 'opt_func': <class 'torch.optim.sgd.SGD'>, 'weight_decay': 0}",0.5406315789473685,0.5285714285714286,0.5112540192926045,0.5830958987058587,0.5723645422229848,0.555340211635105,0.6439062304783199,0.6258205767359626,0.621871915478132,0.5406315789473685,0.5285714285714286,0.5112540192926045
,"{'LR': 0.01, 'Momentum': 0.78, 'Net': <class '__main__.CNN_Net3'>, 'batch_size': 30, 'epochs': 2, 'loss_func': <class 'torch.nn.modules.loss.CrossEntropyLoss'>, 'opt_func': <class 'torch.optim.sgd.SGD'>, 'weight_decay': 1e-06}",0.5347368421052632,0.5166666666666667,0.5016077170418006,0.5791501931627978,0.5626500939221046,0.5472799773794343,0.6504647076151482,0.6259466822661452,0.6240625465180785,0.5347368421052632,0.5166666666666667,0.5016077170418006
,"{'LR': 0.01, 'Momentum': 0.78, 'Net': <class '__main__.CNN_Net3'>, 'batch_size': 30, 'epochs': 2, 'loss_func': <class 'torch.nn.modules.loss.CrossEntropyLoss'>, 'opt_func': <class 'torch.optim.sgd.SGD'>, 'weight_decay': 1e-07}",0.5414736842105263,0.5190476190476191,0.5144694533762058,0.5852135882308455,0.562412522777758,0.5574998802605724,0.651886344314086,0.6243406459402353,0.627299633856281,0.5414736842105263,0.5190476190476191,0.5144694533762058
,"{'LR': 0.01, 'Momentum': 0.78, 'Net': <class '__main__.CNN_Net3'>, 'batch_size': 30, 'epochs': 2, 'loss_func': <class 'torch.nn.modules.loss.CrossEntropyLoss'>, 'opt_func': <class 'torch.optim.sgd.SGD'>, 'weight_decay': 2e-07}",0.5381052631578948,0.5214285714285715,0.5048231511254019,0.5830443918491452,0.5678363502813132,0.5491494896758798,0.6554369710268085,0.6330043172006106,0.6239383301873542,0.5381052631578948,0.5214285714285715,0.5048231511254019
,"{'LR': 0.01, 'Momentum': 0.78, 'Net': <class '__main__.CNN_Net3'>, 'batch_size': 50, 'epochs': 2, 'loss_func': <class 'torch.nn.modules.loss.CrossEntropyLoss'>, 'opt_func': <class 'torch.optim.sgd.SGD'>, 'weight_decay': 0}",0.5090526315789474,0.4785714285714286,0.4758842443729904,0.5447052632882482,0.5101196933506923,0.5112120842170375,0.6143368556855502,0.5826254300152561,0.5719309172284267,0.5090526315789474,0.4785714285714286,0.4758842443729904
,"{'LR': 0.01, 'Momentum': 0.78, 'Net': <class '__main__.CNN_Net3'>, 'batch_size': 50, 'epochs': 2, 'loss_func': <class 'torch.nn.modules.loss.CrossEntropyLoss'>, 'opt_func': <class 'torch.optim.sgd.SGD'>, 'weight_decay': 1e-06}",0.5061052631578947,0.4738095238095238,0.47266881028938906,0.540162790670476,0.5046591313964031,0.5056627591887918,0.6040320968040931,0.5698800596227971,0.5610641608344757,0.5061052631578947,0.4738095238095238,0.47266881028938906
,"{'LR': 0.01, 'Momentum': 0.78, 'Net': <class '__main__.CNN_Net3'>, 'batch_size': 50, 'epochs': 2, 'loss_func': <class 'torch.nn.modules.loss.CrossEntropyLoss'>, 'opt_func': <class 'torch.optim.sgd.SGD'>, 'weight_decay': 1e-07}",0.5086315789473684,0.4785714285714286,0.48231511254019294,0.543871394899178,0.5094725309972155,0.5175141851999189,0.615972538972648,0.579754760014647,0.579198223996386,0.5086315789473684,0.4785714285714286,0.48231511254019294
,"{'LR': 0.01, 'Momentum': 0.78, 'Net': <class '__main__.CNN_Net3'>, 'batch_size': 50, 'epochs': 2, 'loss_func': <class 'torch.nn.modules.loss.CrossEntropyLoss'>, 'opt_func': <class 'torch.optim.sgd.SGD'>, 'weight_decay': 2e-07}",0.511578947368421,0.48095238095238096,0.4790996784565916,0.5452840625337809,0.5115651981950435,0.5129023507414832,0.6038295934058928,0.5759646044012096,0.5652257260194855,0.511578947368421,0.48095238095238096,0.4790996784565916
,"{'LR': 0.01, 'Momentum': 0.8, 'Net': <class '__main__.CNN_Net3'>, 'batch_size': 30, 'epochs': 2, 'loss_func': <class 'torch.nn.modules.loss.CrossEntropyLoss'>, 'opt_func': <class 'torch.optim.sgd.SGD'>, 'weight_decay': 0}",0.5528421052631579,0.5404761904761904,0.5112540192926045,0.594225435771089,0.583026906801988,0.554524280886853,0.6489988015627248,0.6332238882931837,0.6179795932824994,0.5528421052631579,0.5404761904761904,0.5112540192926045
,"{'LR': 0.01, 'Momentum': 0.8, 'Net': <class '__main__.CNN_Net3'>, 'batch_size': 30, 'epochs': 2, 'loss_func': <class 'torch.nn.modules.loss.CrossEntropyLoss'>, 'opt_func': <class 'torch.optim.sgd.SGD'>, 'weight_decay': 1e-06}",0.5528421052631579,0.5476190476190477,0.5241157556270096,0.5916271745363006,0.589457744098593,0.5673789214240686,0.6443965901837839,0.6400514723568476,0.6321429247169943,0.5528421052631579,0.5476190476190477,0.5241157556270096
,"{'LR': 0.01, 'Momentum': 0.8, 'Net': <class '__main__.CNN_Net3'>, 'batch_size': 30, 'epochs': 2, 'loss_func': <class 'torch.nn.modules.loss.CrossEntropyLoss'>, 'opt_func': <class 'torch.optim.sgd.SGD'>, 'weight_decay': 1e-07}",0.5511578947368421,0.5380952380952381,0.5144694533762058,0.5921759381953273,0.5788044878314678,0.5572364284032023,0.6463049926480532,0.6302287097377413,0.621590708499531,0.5511578947368421,0.5380952380952381,0.5144694533762058
,"{'LR': 0.01, 'Momentum': 0.8, 'Net': <class '__main__.CNN_Net3'>, 'batch_size': 30, 'epochs': 2, 'loss_func': <class 'torch.nn.modules.loss.CrossEntropyLoss'>, 'opt_func': <class 'torch.optim.sgd.SGD'>, 'weight_decay': 2e-07}",0.5536842105263158,0.530952380952381,0.5273311897106109,0.5907329834376223,0.5690987546014661,0.5670742619208251,0.6370763197920982,0.6177946678232143,0.6164385393161764,0.5536842105263158,0.530952380952381,0.5273311897106109
,"{'LR': 0.01, 'Momentum': 0.8, 'Net': <class '__main__.CNN_Net3'>, 'batch_size': 50, 'epochs': 2, 'loss_func': <class 'torch.nn.modules.loss.CrossEntropyLoss'>, 'opt_func': <class 'torch.optim.sgd.SGD'>, 'weight_decay': 0}",0.512421052631579,0.4928571428571429,0.47266881028938906,0.5448416318395247,0.5208666993781601,0.5051355545170687,0.6009482052177554,0.5804988383847238,0.5535569187914091,0.512421052631579,0.4928571428571429,0.47266881028938906
,"{'LR': 0.01, 'Momentum': 0.8, 'Net': <class '__main__.CNN_Net3'>, 'batch_size': 50, 'epochs': 2, 'loss_func': <class 'torch.nn.modules.loss.CrossEntropyLoss'>, 'opt_func': <class 'torch.optim.sgd.SGD'>, 'weight_decay': 1e-06}",0.5153684210526316,0.48095238095238096,0.4855305466237942,0.5488334542022858,0.509330614971193,0.520166520266368,0.611410738665776,0.5717157015422525,0.5742047283152769,0.5153684210526316,0.48095238095238096,0.4855305466237942
,"{'LR': 0.01, 'Momentum': 0.8, 'Net': <class '__main__.CNN_Net3'>, 'batch_size': 50, 'epochs': 2, 'loss_func': <class 'torch.nn.modules.loss.CrossEntropyLoss'>, 'opt_func': <class 'torch.optim.sgd.SGD'>, 'weight_decay': 1e-07}",0.5132631578947369,0.49047619047619045,0.4790996784565916,0.5457420678589353,0.5188612594703965,0.5116423763396831,0.601188652925685,0.580028488208307,0.5585914299777143,0.5132631578947369,0.49047619047619045,0.4790996784565916
,"{'LR': 0.01, 'Momentum': 0.8, 'Net': <class '__main__.CNN_Net3'>, 'batch_size': 50, 'epochs': 2, 'loss_func': <class 'torch.nn.modules.loss.CrossEntropyLoss'>, 'opt_func': <class 'torch.optim.sgd.SGD'>, 'weight_decay': 2e-07}",0.5077894736842106,0.48095238095238096,0.4790996784565916,0.5421872839605081,0.5113615445290279,0.5124155403368902,0.6091112148725507,0.5813150239090047,0.5655441824311525,0.5077894736842106,0.48095238095238096,0.4790996784565916
